"","MSE","RMSE","R2","MAE"
"1",21.0584421403954,4.58894782498073,0.76112604436085,3.36547511468998
