"","MSE","RMSE","R2","MAE"
"1",20.7990616092799,4.5605988213479,0.764643952594246,3.35612422383165
